{
  "train_loss": [
    0.9602122750393179,
    0.6870546354803928,
    0.6684852540493011,
    0.6525626102852267
  ],
  "valid": [
    {
      "f1@0.5": 0.5594405594405595,
      "auprc": 0.5728845035165815,
      "roc_auc": 0.5750843086689149
    },
    {
      "f1@0.5": 0.5584415584415584,
      "auprc": 0.5480869683587355,
      "roc_auc": 0.562785161674271
    },
    {
      "f1@0.5": 0.5365853658536586,
      "auprc": 0.5868020547301166,
      "roc_auc": 0.6054354294782781
    },
    {
      "f1@0.5": 0.5223880597014925,
      "auprc": 0.5616811440903153,
      "roc_auc": 0.559412814917675
    }
  ]
}