{
  "best_f1_threshold": 0.33000000000000007,
  "best_f1": 0.47482372459560346,
  "best_mcc_threshold": 0.6200000000000001,
  "best_mcc": 0.3591634306877018,
  "selected_metric": "mcc",
  "selected_threshold": 0.6200000000000001
}