{
  "brier_score": 0.15597854554653168,
  "score_mean": 0.21290887892246246,
  "score_std": 0.3263862133026123,
  "score_min": 0.0,
  "score_max": 1.0
}