{
  "brier_score": 0.14626841247081757,
  "score_mean": 0.19750334322452545,
  "score_std": 0.3203710913658142,
  "score_min": 0.0,
  "score_max": 1.0
}