{
  "brier_score": 0.17748166620731354,
  "score_mean": 0.23014076054096222,
  "score_std": 0.34384313225746155,
  "score_min": 0.0,
  "score_max": 1.0
}