{
  "validation_metrics_at_selected_threshold": {
    "auroc": 0.7902490974030267,
    "auprc": 0.4350955971037983,
    "f1": 0.4652582159624413,
    "mcc": 0.3591634306877018,
    "precision": 0.46833648393194705,
    "recall": 0.46222014925373134
  },
  "test_metrics": {
    "auroc": 0.7767794625270839,
    "auprc": 0.4462780495034763,
    "f1": 0.4435907286464336,
    "mcc": 0.34171521701045354,
    "precision": 0.47387140902872776,
    "recall": 0.4169475204622051
  },
  "val_ranking_metrics": {
    "mrr": 0.6998250932835821,
    "hit@1": 0.5403451492537313,
    "hit@3": 0.8176305970149254,
    "hit@5": 0.9433302238805971,
    "groups_evaluated": 4288
  },
  "test_ranking_metrics": {
    "mrr": 0.6748916706788638,
    "hit@1": 0.5079441502166586,
    "hit@3": 0.7864708714492056,
    "hit@5": 0.9337987481945114,
    "groups_evaluated": 4154
  },
  "selected_threshold": 0.6200000000000001,
  "threshold_selection_metric": "mcc",
  "best_val_monitor_metric": 0.6998250932835821,
  "epochs_completed": 118,
  "candidate_group_integrity": {
    "train": {
      "total_groups": 19623,
      "valid_groups": 19623,
      "groups_without_positive": 0,
      "groups_without_negative": 0
    },
    "val": {
      "total_groups": 4288,
      "valid_groups": 4288,
      "groups_without_positive": 0,
      "groups_without_negative": 0
    },
    "test": {
      "total_groups": 4154,
      "valid_groups": 4154,
      "groups_without_positive": 0,
      "groups_without_negative": 0
    }
  }
}