{
  "validation_metrics_at_selected_threshold": {
    "auroc": 0.8049091246484462,
    "auprc": 0.4587654721300392,
    "f1": 0.5010240178737665,
    "mcc": 0.38862254848778816,
    "precision": 0.4169507282305547,
    "recall": 0.6275652985074627
  },
  "test_metrics": {
    "auroc": 0.7922941881982758,
    "auprc": 0.4446911391414511,
    "f1": 0.4846221872850545,
    "mcc": 0.367717504853811,
    "precision": 0.4094305163539764,
    "recall": 0.5936446798266731
  },
  "val_ranking_metrics": {
    "mrr": 0.6942358519900497,
    "hit@1": 0.5244869402985075,
    "hit@3": 0.8239272388059702,
    "hit@5": 0.9755130597014925,
    "groups_evaluated": 4288
  },
  "test_ranking_metrics": {
    "mrr": 0.6780572941742897,
    "hit@1": 0.49831487722676937,
    "hit@3": 0.8134328358208955,
    "hit@5": 0.9792970630717381,
    "groups_evaluated": 4154
  },
  "selected_threshold": 0.4900000000000001,
  "threshold_selection_metric": "mcc",
  "best_val_monitor_metric": 0.6942358519900497,
  "epochs_completed": 86,
  "candidate_group_integrity": {
    "train": {
      "total_groups": 19623,
      "valid_groups": 19623,
      "groups_without_positive": 0,
      "groups_without_negative": 0
    },
    "val": {
      "total_groups": 4288,
      "valid_groups": 4288,
      "groups_without_positive": 0,
      "groups_without_negative": 0
    },
    "test": {
      "total_groups": 4154,
      "valid_groups": 4154,
      "groups_without_positive": 0,
      "groups_without_negative": 0
    }
  }
}