{
  "validation": {
    "mrr": 0.6942358519900497,
    "hit@1": 0.5244869402985075,
    "hit@3": 0.8239272388059702,
    "hit@5": 0.9755130597014925,
    "groups_evaluated": 4288
  },
  "test": {
    "mrr": 0.6780572941742897,
    "hit@1": 0.49831487722676937,
    "hit@3": 0.8134328358208955,
    "hit@5": 0.9792970630717381,
    "groups_evaluated": 4154
  }
}