{
  "validation": {
    "mrr": 0.6541404140414041,
    "hit@1": 0.474047404740474,
    "hit@3": 0.7857785778577858,
    "hit@5": 0.9324932493249325,
    "groups_evaluated": 3333
  },
  "test": {
    "mrr": 0.6381638163816382,
    "hit@1": 0.45544554455445546,
    "hit@3": 0.7665766576657665,
    "hit@5": 0.9351935193519352,
    "groups_evaluated": 3333
  }
}