{
  "validation": {
    "mrr": 0.6998250932835821,
    "hit@1": 0.5403451492537313,
    "hit@3": 0.8176305970149254,
    "hit@5": 0.9433302238805971,
    "groups_evaluated": 4288
  },
  "test": {
    "mrr": 0.6748916706788638,
    "hit@1": 0.5079441502166586,
    "hit@3": 0.7864708714492056,
    "hit@5": 0.9337987481945114,
    "groups_evaluated": 4154
  }
}