{
  "selection_policy": "validation_only",
  "selection_sort_keys": [
    "val_mrr",
    "val_hit3",
    "val_auroc",
    "val_mcc",
    "val_auprc"
  ],
  "best_run": {
    "stage": "full",
    "family": "mlp_l",
    "feature_level": "F1",
    "loss_level": "L1",
    "curriculum": "C0",
    "combo": "F1_L1_C0",
    "save_dir": "/Users/atakanemre/PeptidQuantum/outputs/training/ablation_mlx_mlp_l_f1_l1_c0_full",
    "val_auroc": 0.7902490974030267,
    "val_auprc": 0.4350955971037983,
    "val_f1": 0.4652582159624413,
    "val_mcc": 0.3591634306877018,
    "val_mrr": 0.6998250932835821,
    "val_hit1": 0.5403451492537313,
    "val_hit3": 0.8176305970149254,
    "val_hit5": 0.9433302238805971,
    "test_auroc": 0.7767794625270839,
    "test_auprc": 0.4462780495034763,
    "test_f1": 0.4435907286464336,
    "test_mcc": 0.34171521701045354,
    "test_mrr": 0.6748916706788638,
    "test_hit1": 0.5079441502166586,
    "test_hit3": 0.7864708714492056,
    "test_hit5": 0.9337987481945114,
    "best_f1_threshold": 0.33000000000000007,
    "best_mcc_threshold": 0.6200000000000001,
    "selected_threshold": 0.6200000000000001,
    "val_brier": 0.1603326052427292,
    "test_brier": 0.15597854554653168,
    "test_score_range": 1.0,
    "epochs_completed": 118,
    "smoke_pass": null
  },
  "full_finalists": [
    {
      "stage": "full",
      "family": "mlp_l",
      "feature_level": "F1",
      "loss_level": "L1",
      "curriculum": "C0",
      "combo": "F1_L1_C0",
      "save_dir": "/Users/atakanemre/PeptidQuantum/outputs/training/ablation_mlx_mlp_l_f1_l1_c0_full",
      "val_auroc": 0.7902490974030267,
      "val_auprc": 0.4350955971037983,
      "val_f1": 0.4652582159624413,
      "val_mcc": 0.3591634306877018,
      "val_mrr": 0.6998250932835821,
      "val_hit1": 0.5403451492537313,
      "val_hit3": 0.8176305970149254,
      "val_hit5": 0.9433302238805971,
      "test_auroc": 0.7767794625270839,
      "test_auprc": 0.4462780495034763,
      "test_f1": 0.4435907286464336,
      "test_mcc": 0.34171521701045354,
      "test_mrr": 0.6748916706788638,
      "test_hit1": 0.5079441502166586,
      "test_hit3": 0.7864708714492056,
      "test_hit5": 0.9337987481945114,
      "best_f1_threshold": 0.33000000000000007,
      "best_mcc_threshold": 0.6200000000000001,
      "selected_threshold": 0.6200000000000001,
      "val_brier": 0.1603326052427292,
      "test_brier": 0.15597854554653168,
      "test_score_range": 1.0,
      "epochs_completed": 118,
      "smoke_pass": null
    },
    {
      "stage": "full",
      "family": "mlp_m",
      "feature_level": "F1",
      "loss_level": "L1",
      "curriculum": "C0",
      "combo": "F1_L1_C0",
      "save_dir": "/Users/atakanemre/PeptidQuantum/outputs/training/ablation_mlx_mlp_m_f1_l1_c0_full",
      "val_auroc": 0.7904037778110381,
      "val_auprc": 0.4286618048622371,
      "val_f1": 0.46452792806522897,
      "val_mcc": 0.3460413421325965,
      "val_mrr": 0.6929842972636815,
      "val_hit1": 0.5270522388059702,
      "val_hit3": 0.8185634328358209,
      "val_hit5": 0.9402985074626866,
      "test_auroc": 0.782312000267042,
      "test_auprc": 0.4121460906033622,
      "test_f1": 0.45886051683153134,
      "test_mcc": 0.33958121007597053,
      "test_mrr": 0.6835178943989728,
      "test_hit1": 0.5127587867116032,
      "test_hit3": 0.8122291766971593,
      "test_hit5": 0.9441502166586423,
      "best_f1_threshold": 0.5100000000000001,
      "best_mcc_threshold": 0.23000000000000004,
      "selected_threshold": 0.23000000000000004,
      "val_brier": 0.1596416383981704,
      "test_brier": 0.15543632209300995,
      "test_score_range": 1.0,
      "epochs_completed": 62,
      "smoke_pass": null
    },
    {
      "stage": "full",
      "family": "mlp_s",
      "feature_level": "F1",
      "loss_level": "L1",
      "curriculum": "C0",
      "combo": "F1_L1_C0",
      "save_dir": "/Users/atakanemre/PeptidQuantum/outputs/training/ablation_mlx_mlp_s_f1_l1_c0_full",
      "val_auroc": 0.7801101749154182,
      "val_auprc": 0.4286144616697386,
      "val_f1": 0.4474151188927008,
      "val_mcc": 0.3388736732394584,
      "val_mrr": 0.6764575559701492,
      "val_hit1": 0.5032649253731343,
      "val_hit3": 0.8029384328358209,
      "val_hit5": 0.9419309701492538,
      "test_auroc": 0.7649155213263824,
      "test_auprc": 0.40792059211139314,
      "test_f1": 0.4217332123411978,
      "test_mcc": 0.2987213194496002,
      "test_mrr": 0.6724000962927299,
      "test_hit1": 0.5014443909484834,
      "test_hit3": 0.7934520943668752,
      "test_hit5": 0.940779971112181,
      "best_f1_threshold": 0.5300000000000001,
      "best_mcc_threshold": 0.6600000000000001,
      "selected_threshold": 0.6600000000000001,
      "val_brier": 0.1645387113094329,
      "test_brier": 0.17287716269493103,
      "test_score_range": 0.9999616146087646,
      "epochs_completed": 62,
      "smoke_pass": null
    }
  ]
}