{
  "selection_policy": "validation_only",
  "selection_sort_keys": [
    "val_mrr",
    "val_hit3",
    "val_auroc",
    "val_mcc",
    "val_auprc"
  ],
  "best_run": {
    "stage": "full",
    "family": "mlp_l",
    "feature_level": "F1",
    "loss_level": "L1",
    "curriculum": "C0",
    "combo": "F1_L1_C0",
    "save_dir": "/Users/atakanemre/PeptidQuantum/outputs/training/ablation_mlx_mlp_l_f1_l1_c0_full",
    "val_auroc": 0.8049091246484462,
    "val_auprc": 0.4587654721300392,
    "val_f1": 0.5010240178737665,
    "val_mcc": 0.38862254848778816,
    "val_mrr": 0.6942358519900497,
    "val_hit1": 0.5244869402985075,
    "val_hit3": 0.8239272388059702,
    "val_hit5": 0.9755130597014925,
    "test_auroc": 0.7922941881982758,
    "test_auprc": 0.4446911391414511,
    "test_f1": 0.4846221872850545,
    "test_mcc": 0.367717504853811,
    "test_mrr": 0.6780572941742897,
    "test_hit1": 0.49831487722676937,
    "test_hit3": 0.8134328358208955,
    "test_hit5": 0.9792970630717381,
    "best_f1_threshold": 0.4900000000000001,
    "best_mcc_threshold": 0.4900000000000001,
    "selected_threshold": 0.4900000000000001,
    "val_brier": 0.1477200388908386,
    "test_brier": 0.14626841247081757,
    "test_score_range": 1.0,
    "epochs_completed": 86,
    "smoke_pass": null
  },
  "full_finalists": [
    {
      "stage": "full",
      "family": "mlp_l",
      "feature_level": "F1",
      "loss_level": "L1",
      "curriculum": "C0",
      "combo": "F1_L1_C0",
      "save_dir": "/Users/atakanemre/PeptidQuantum/outputs/training/ablation_mlx_mlp_l_f1_l1_c0_full",
      "val_auroc": 0.8049091246484462,
      "val_auprc": 0.4587654721300392,
      "val_f1": 0.5010240178737665,
      "val_mcc": 0.38862254848778816,
      "val_mrr": 0.6942358519900497,
      "val_hit1": 0.5244869402985075,
      "val_hit3": 0.8239272388059702,
      "val_hit5": 0.9755130597014925,
      "test_auroc": 0.7922941881982758,
      "test_auprc": 0.4446911391414511,
      "test_f1": 0.4846221872850545,
      "test_mcc": 0.367717504853811,
      "test_mrr": 0.6780572941742897,
      "test_hit1": 0.49831487722676937,
      "test_hit3": 0.8134328358208955,
      "test_hit5": 0.9792970630717381,
      "best_f1_threshold": 0.4900000000000001,
      "best_mcc_threshold": 0.4900000000000001,
      "selected_threshold": 0.4900000000000001,
      "val_brier": 0.1477200388908386,
      "test_brier": 0.14626841247081757,
      "test_score_range": 1.0,
      "epochs_completed": 86,
      "smoke_pass": null
    },
    {
      "stage": "full",
      "family": "mlp_m",
      "feature_level": "F1",
      "loss_level": "L1",
      "curriculum": "C0",
      "combo": "F1_L1_C0",
      "save_dir": "/Users/atakanemre/PeptidQuantum/outputs/training/ablation_mlx_mlp_m_f1_l1_c0_full",
      "val_auroc": 0.7918486943779239,
      "val_auprc": 0.4328640273871945,
      "val_f1": 0.48547294161329246,
      "val_mcc": 0.3685084158317825,
      "val_mrr": 0.6860968594527364,
      "val_hit1": 0.5153917910447762,
      "val_hit3": 0.8122667910447762,
      "val_hit5": 0.972481343283582,
      "test_auroc": 0.7933766584939159,
      "test_auprc": 0.4335789996516655,
      "test_f1": 0.4778412817389675,
      "test_mcc": 0.35850942176069756,
      "test_mrr": 0.6827716257422565,
      "test_hit1": 0.503129513721714,
      "test_hit3": 0.8314877226769379,
      "test_hit5": 0.976167549350024,
      "best_f1_threshold": 0.4900000000000001,
      "best_mcc_threshold": 0.4900000000000001,
      "selected_threshold": 0.4900000000000001,
      "val_brier": 0.1488302797079086,
      "test_brier": 0.15161661803722382,
      "test_score_range": 1.0,
      "epochs_completed": 52,
      "smoke_pass": null
    },
    {
      "stage": "full",
      "family": "mlp_m",
      "feature_level": "F2",
      "loss_level": "L2",
      "curriculum": "C0",
      "combo": "F2_L2_C0",
      "save_dir": "/Users/atakanemre/PeptidQuantum/outputs/training/ablation_mlx_mlp_m_f2_l2_c0_full",
      "val_auroc": 0.7383917196897973,
      "val_auprc": 0.36464512941295163,
      "val_f1": 0.40159767610748004,
      "val_mcc": 0.2588442349049925,
      "val_mrr": 0.6274992226368159,
      "val_hit1": 0.4312033582089552,
      "val_hit3": 0.769589552238806,
      "val_hit5": 0.9671175373134329,
      "test_auroc": 0.7409508941848602,
      "test_auprc": 0.3589788887900273,
      "test_f1": 0.4035721071632149,
      "test_mcc": 0.2620942622962012,
      "test_mrr": 0.6194872412132884,
      "test_hit1": 0.4099662975445354,
      "test_hit3": 0.7845450168512277,
      "test_hit5": 0.9759268175252769,
      "best_f1_threshold": 0.55,
      "best_mcc_threshold": 0.5700000000000001,
      "selected_threshold": 0.5700000000000001,
      "val_brier": 0.198718324303627,
      "test_brier": 0.19501033425331116,
      "test_score_range": 0.9982387423512985,
      "epochs_completed": 174,
      "smoke_pass": null
    },
    {
      "stage": "full",
      "family": "mlp_s",
      "feature_level": "F1",
      "loss_level": "L1",
      "curriculum": "C0",
      "combo": "F1_L1_C0",
      "save_dir": "/Users/atakanemre/PeptidQuantum/outputs/training/ablation_mlx_mlp_s_f1_l1_c0_full",
      "val_auroc": 0.7871797455846932,
      "val_auprc": 0.41502723803644853,
      "val_f1": 0.47686892390211194,
      "val_mcc": 0.35853771378943494,
      "val_mrr": 0.6758628731343284,
      "val_hit1": 0.49510261194029853,
      "val_hit3": 0.8169309701492538,
      "val_hit5": 0.9785447761194029,
      "test_auroc": 0.7855843709991518,
      "test_auprc": 0.4083560071738318,
      "test_f1": 0.47181922096192735,
      "test_mcc": 0.35123077935556773,
      "test_mrr": 0.6662333493821215,
      "test_hit1": 0.47833413577274914,
      "test_hit3": 0.8134328358208955,
      "test_hit5": 0.9737602311025517,
      "best_f1_threshold": 0.4800000000000001,
      "best_mcc_threshold": 0.45000000000000007,
      "selected_threshold": 0.45000000000000007,
      "val_brier": 0.151371419429779,
      "test_brier": 0.15762625634670258,
      "test_score_range": 0.9999996423721313,
      "epochs_completed": 52,
      "smoke_pass": null
    },
    {
      "stage": "full",
      "family": "mlp_s",
      "feature_level": "F2",
      "loss_level": "L2",
      "curriculum": "C0",
      "combo": "F2_L2_C0",
      "save_dir": "/Users/atakanemre/PeptidQuantum/outputs/training/ablation_mlx_mlp_s_f2_l2_c0_full",
      "val_auroc": 0.6696077825657162,
      "val_auprc": 0.29494611653271186,
      "val_f1": 0.34464593252963227,
      "val_mcc": 0.19494919288075432,
      "val_mrr": 0.5718128109452737,
      "val_hit1": 0.3579757462686567,
      "val_hit3": 0.7096548507462687,
      "val_hit5": 0.9426305970149254,
      "test_auroc": 0.6673971222057664,
      "test_auprc": 0.2866193978312599,
      "test_f1": 0.3393553685074933,
      "test_mcc": 0.1862907867192194,
      "test_mrr": 0.5624899695073022,
      "test_hit1": 0.346172363986519,
      "test_hit3": 0.7053442465093885,
      "test_hit5": 0.9427058257101589,
      "best_f1_threshold": 0.5100000000000001,
      "best_mcc_threshold": 0.5200000000000001,
      "selected_threshold": 0.5200000000000001,
      "val_brier": 0.2224157154560089,
      "test_brier": 0.21773086488246918,
      "test_score_range": 0.7683407962322235,
      "epochs_completed": 53,
      "smoke_pass": null
    }
  ]
}