{
  "selection_policy": "validation_only",
  "selection_sort_keys": [
    "val_mrr",
    "val_hit3",
    "val_auroc",
    "val_mcc",
    "val_auprc"
  ],
  "best_run": {
    "stage": "full",
    "family": "mlp_l",
    "feature_level": "F1",
    "loss_level": "L1",
    "curriculum": "C0",
    "combo": "F1_L1_C0",
    "save_dir": "/Users/atakanemre/PeptidQuantum/outputs/training/ablation_mlx_mlp_l_f1_l1_c0_full",
    "val_auroc": 0.758041735766736,
    "val_auprc": 0.39208849244537325,
    "val_f1": 0.4252342985032872,
    "val_mcc": 0.30185490115420316,
    "val_mrr": 0.6541404140414041,
    "val_hit1": 0.474047404740474,
    "val_hit3": 0.7857785778577858,
    "val_hit5": 0.9324932493249325,
    "test_auroc": 0.7445724590460847,
    "test_auprc": 0.3775128818256007,
    "test_f1": 0.41566768887649846,
    "test_mcc": 0.2898065709028717,
    "test_mrr": 0.6381638163816382,
    "test_hit1": 0.45544554455445546,
    "test_hit3": 0.7665766576657665,
    "test_hit5": 0.9351935193519352,
    "best_f1_threshold": 0.38000000000000006,
    "best_mcc_threshold": 0.6100000000000001,
    "selected_threshold": 0.6100000000000001,
    "val_brier": 0.1699629873037338,
    "test_brier": 0.17748166620731354,
    "test_score_range": 1.0,
    "epochs_completed": 71,
    "smoke_pass": null
  },
  "full_finalists": [
    {
      "stage": "full",
      "family": "mlp_l",
      "feature_level": "F1",
      "loss_level": "L1",
      "curriculum": "C0",
      "combo": "F1_L1_C0",
      "save_dir": "/Users/atakanemre/PeptidQuantum/outputs/training/ablation_mlx_mlp_l_f1_l1_c0_full",
      "val_auroc": 0.758041735766736,
      "val_auprc": 0.39208849244537325,
      "val_f1": 0.4252342985032872,
      "val_mcc": 0.30185490115420316,
      "val_mrr": 0.6541404140414041,
      "val_hit1": 0.474047404740474,
      "val_hit3": 0.7857785778577858,
      "val_hit5": 0.9324932493249325,
      "test_auroc": 0.7445724590460847,
      "test_auprc": 0.3775128818256007,
      "test_f1": 0.41566768887649846,
      "test_mcc": 0.2898065709028717,
      "test_mrr": 0.6381638163816382,
      "test_hit1": 0.45544554455445546,
      "test_hit3": 0.7665766576657665,
      "test_hit5": 0.9351935193519352,
      "best_f1_threshold": 0.38000000000000006,
      "best_mcc_threshold": 0.6100000000000001,
      "selected_threshold": 0.6100000000000001,
      "val_brier": 0.1699629873037338,
      "test_brier": 0.17748166620731354,
      "test_score_range": 1.0,
      "epochs_completed": 71,
      "smoke_pass": null
    },
    {
      "stage": "full",
      "family": "mlp_m",
      "feature_level": "F1",
      "loss_level": "L1",
      "curriculum": "C0",
      "combo": "F1_L1_C0",
      "save_dir": "/Users/atakanemre/PeptidQuantum/outputs/training/ablation_mlx_mlp_m_f1_l1_c0_full",
      "val_auroc": 0.7503059666902784,
      "val_auprc": 0.38061065018556894,
      "val_f1": 0.42866095675788596,
      "val_mcc": 0.29301258291519333,
      "val_mrr": 0.6501900190019002,
      "val_hit1": 0.46924692469246926,
      "val_hit3": 0.7677767776777678,
      "val_hit5": 0.933093309330933,
      "test_auroc": 0.7451492313947866,
      "test_auprc": 0.3640727504968941,
      "test_f1": 0.4262977218350151,
      "test_mcc": 0.2897698529978303,
      "test_mrr": 0.6358235823582358,
      "test_hit1": 0.44734473447344736,
      "test_hit3": 0.7737773777377738,
      "test_hit5": 0.9375937593759376,
      "best_f1_threshold": 0.31000000000000005,
      "best_mcc_threshold": 0.31000000000000005,
      "selected_threshold": 0.31000000000000005,
      "val_brier": 0.1729177981615066,
      "test_brier": 0.1723187416791916,
      "test_score_range": 1.0,
      "epochs_completed": 68,
      "smoke_pass": null
    },
    {
      "stage": "full",
      "family": "mlp_s",
      "feature_level": "F1",
      "loss_level": "L1",
      "curriculum": "C0",
      "combo": "F1_L1_C0",
      "save_dir": "/Users/atakanemre/PeptidQuantum/outputs/training/ablation_mlx_mlp_s_f1_l1_c0_full",
      "val_auroc": 0.754377462948815,
      "val_auprc": 0.3696206277742143,
      "val_f1": 0.42899350009848336,
      "val_mcc": 0.2946824052893634,
      "val_mrr": 0.6498699869986998,
      "val_hit1": 0.46564656465646564,
      "val_hit3": 0.7797779777977798,
      "val_hit5": 0.9378937893789379,
      "test_auroc": 0.7457274530333321,
      "test_auprc": 0.35373465973665424,
      "test_f1": 0.41741455031506586,
      "test_mcc": 0.2788711380250272,
      "test_mrr": 0.6382438243824382,
      "test_hit1": 0.44794479447944796,
      "test_hit3": 0.7836783678367837,
      "test_hit5": 0.936993699369937,
      "best_f1_threshold": 0.38000000000000006,
      "best_mcc_threshold": 0.28,
      "selected_threshold": 0.28,
      "val_brier": 0.1705091595649719,
      "test_brier": 0.17462192475795746,
      "test_score_range": 0.9999986886978149,
      "epochs_completed": 69,
      "smoke_pass": null
    }
  ]
}