{
  "test_metrics": {
    "auroc": 0.8812662466753981,
    "auprc": 0.5565987337643044,
    "f1": 0.5883851248089659,
    "mcc": 0.5037329266352304,
    "mrr": 0.7776369913324519,
    "hit@1": 0.6209784045835169,
    "hit@3": 0.9468929043631555,
    "hit@5": 0.996474217717056
  },
  "selected_threshold": 0.20999999999999996,
  "epochs_completed": 80,
  "best_val_monitor_metric": 0.7818193224592221,
  "model_params": 553731
}