{
  "validation_metrics_at_selected_threshold": {
    "auroc": 0.8549264698705465,
    "auprc": 0.46304706411638097,
    "f1": 0.5310734463276836,
    "mcc": 0.4504021228138967,
    "precision": 0.383952551477171,
    "recall": 0.860978670012547
  },
  "test_metrics": {
    "auroc": 0.8387957934573742,
    "auprc": 0.43477299141790066,
    "f1": 0.5074216602528862,
    "mcc": 0.41344470867721617,
    "precision": 0.36868384262033155,
    "recall": 0.8135742617893346
  },
  "val_ranking_metrics": {
    "mrr": 0.7452530322040987,
    "hit@1": 0.5628607277289837,
    "hit@3": 0.9397741530740276,
    "hit@5": 0.9967377666248431,
    "groups_evaluated": 3985
  },
  "test_ranking_metrics": {
    "mrr": 0.711950932863229,
    "hit@1": 0.5121198765976201,
    "hit@3": 0.9275011018069634,
    "hit@5": 0.9951520493609519,
    "groups_evaluated": 4538
  },
  "selected_threshold": 0.5900000000000001,
  "threshold_selection_metric": "mcc",
  "best_val_monitor_metric": 0.7452530322040987,
  "epochs_completed": 68,
  "candidate_group_integrity": {
    "train": {
      "total_groups": 19542,
      "valid_groups": 19542,
      "groups_without_positive": 0,
      "groups_without_negative": 0
    },
    "val": {
      "total_groups": 3985,
      "valid_groups": 3985,
      "groups_without_positive": 0,
      "groups_without_negative": 0
    },
    "test": {
      "total_groups": 4538,
      "valid_groups": 4538,
      "groups_without_positive": 0,
      "groups_without_negative": 0
    }
  }
}