{
  "mrr": 0.777636991332452,
  "hit@1": 0.6209784045835169,
  "hit@3": 0.9468929043631555,
  "hit@5": 0.996474217717056,
  "groups_evaluated": 4538
}