{
  "validation": {
    "mrr": 0.6880130597014925,
    "hit@1": 0.5167910447761194,
    "hit@3": 0.8134328358208955,
    "hit@5": 0.9787779850746269,
    "groups_evaluated": 4288
  },
  "test": {
    "mrr": 0.6847897608730541,
    "hit@1": 0.5084256138661531,
    "hit@3": 0.8208955223880597,
    "hit@5": 0.9797785267212326,
    "groups_evaluated": 4154
  }
}