{
  "validation": {
    "mrr": 0.7452530322040987,
    "hit@1": 0.5628607277289837,
    "hit@3": 0.9397741530740276,
    "hit@5": 0.9967377666248431,
    "groups_evaluated": 3985
  },
  "test": {
    "mrr": 0.711950932863229,
    "hit@1": 0.5121198765976201,
    "hit@3": 0.9275011018069634,
    "hit@5": 0.9951520493609519,
    "groups_evaluated": 4538
  }
}