{
  "validation": {
    "mrr": 0.7818193224592221,
    "hit@1": 0.6328732747804267,
    "hit@3": 0.9357590966122961,
    "hit@5": 0.9959849435382685,
    "groups_evaluated": 3985
  },
  "test": {
    "mrr": 0.7776369913324519,
    "hit@1": 0.6209784045835169,
    "hit@3": 0.9468929043631555,
    "hit@5": 0.996474217717056,
    "groups_evaluated": 4538
  }
}